,City,Lat,Lng,Max Temp,Humidity,Cloudiness,Wind Speed,Country,Date
0,Chui,-33.6971,-53.4616,52.79,71,0,7.83,UY,1650767853
1,Mataura,-46.1927,168.8643,52.48,90,97,8.99,NZ,1650767854
2,Sakaiminato,35.55,133.2333,71.58,64,75,6.91,JP,1650767854
3,Puerto Ayora,-0.7393,-90.3518,71.92,91,70,5.97,EC,1650767854
4,Ahipara,-35.1667,173.1667,64.96,67,99,14.9,NZ,1650767855
5,Saskylakh,71.9167,114.0833,8.98,88,17,4.56,RU,1650767855
6,Vaini,-21.2,-175.2,82.56,69,40,9.22,TO,1650767856
7,Cape Town,-33.9258,18.4232,58.91,71,0,8.05,ZA,1650767584
8,Rikitea,-23.1203,-134.9692,75.18,79,100,16.15,PF,1650767636
9,Arraial do Cabo,-22.9661,-42.0278,77.99,81,2,12.19,BR,1650767857
10,Clearwater,27.9659,-82.8001,75.9,62,0,14.0,US,1650767814
11,Vila Franca do Campo,37.7167,-25.4333,55.81,74,22,13.06,PT,1650767857
12,Buloh Kasap,2.5536,102.764,87.39,69,76,3.09,MY,1650767858
13,Yellowknife,62.456,-114.3525,32.52,59,0,11.5,CA,1650767858
14,Shimoda,34.6667,138.95,64.76,95,100,11.72,JP,1650767859
15,Jamestown,42.097,-79.2353,71.24,54,0,4.61,US,1650767859
16,Punta Arenas,-53.15,-70.9167,42.91,93,100,4.61,CL,1650767859
17,Busselton,-33.65,115.3333,71.73,45,38,9.19,AU,1650767860
18,Neulengbach,48.1974,15.9022,53.06,91,79,11.01,AT,1650767860
19,Port Alfred,-33.5906,26.891,59.18,96,23,1.01,ZA,1650767861
20,Wangqing,43.3218,129.7634,65.37,22,4,14.94,CN,1650767861
21,Albany,42.6001,-73.9662,47.84,60,100,2.01,US,1650767818
22,Hong Kong,22.2855,114.1577,87.85,89,47,1.01,HK,1650767862
23,Kapaa,22.0752,-159.319,80.58,82,75,16.11,US,1650767862
24,Fortuna,40.5982,-124.1573,53.65,84,4,1.01,US,1650767863
25,Atambua,-9.1061,124.8925,85.05,50,78,0.69,ID,1650767863
26,Souillac,-20.5167,57.5167,75.58,69,40,14.97,MU,1650767863
27,Taoudenni,22.6783,-3.9836,74.21,18,8,9.04,ML,1650767864
28,Tasiilaq,65.6145,-37.6368,35.76,88,92,7.85,GL,1650767864
29,Olafsvik,64.8945,-23.7142,45.03,83,99,6.4,IS,1650767865
30,Turukhansk,65.8167,87.9833,15.6,86,94,7.09,RU,1650767865
31,Coyhaique,-45.5752,-72.0662,41.61,93,100,2.3,CL,1650767866
32,Saint-Philippe,-21.3585,55.7679,74.79,79,72,11.7,RE,1650767866
33,Cabo San Lucas,22.8909,-109.9124,73.71,73,0,6.91,MX,1650767715
34,Leningradskiy,69.3833,178.4167,26.11,88,100,3.89,RU,1650767867
35,Bluff,-46.6,168.3333,52.81,63,92,24.2,NZ,1650767867
36,Salalah,17.0151,54.0924,80.78,79,30,5.84,OM,1650767808
37,Port Lincoln,-34.7333,135.8667,67.86,72,98,17.6,AU,1650767777
38,Klyuchi,52.2667,79.1667,29.17,40,0,9.44,RU,1650767868
39,Cidreira,-30.1811,-50.2056,58.41,73,0,6.69,BR,1650767868
40,Storforshei,66.4043,14.5233,34.66,93,75,0.0,NO,1650767869
41,Qaanaaq,77.484,-69.3632,-4.79,77,29,6.78,GL,1650767869
42,Tuatapere,-46.1333,167.6833,50.54,76,100,12.84,NZ,1650767870
43,Butaritari,3.0707,172.7902,81.43,78,60,12.62,KI,1650767870
44,Waddān,29.1614,16.139,59.45,45,0,0.94,LY,1650767871
45,Ushuaia,-54.8,-68.3,40.66,81,40,13.8,AR,1650767634
46,Mudanjiang,44.5833,129.6,57.63,32,12,19.06,CN,1650767871
47,Kiryat Gat,31.61,34.7642,70.39,100,66,4.94,IL,1650767872
48,Faya,18.3851,42.4509,59.11,42,18,3.33,SA,1650767872
49,Esperance,-33.8667,121.9,67.84,58,9,6.04,AU,1650767873
50,Barrow,71.2906,-156.7887,17.62,79,100,5.75,US,1650767873
51,São Filipe,14.8961,-24.4956,73.63,76,0,7.96,CV,1650767874
52,Upernavik,72.7868,-56.1549,-1.61,97,61,6.8,GL,1650767874
53,Atuona,-9.8,-139.0333,79.45,77,60,16.69,PF,1650767875
54,Kyra,49.5776,111.9753,42.13,23,34,13.73,RU,1650767875
55,Sitges,41.2351,1.8119,56.53,61,96,1.01,ES,1650767876
56,Santa Cruz de Barahona,18.2085,-71.1008,77.16,76,100,3.98,DO,1650767876
57,Bengkulu,-3.8004,102.2655,77.95,83,100,2.33,ID,1650767876
58,Haines Junction,60.7522,-137.5108,46.35,42,100,3.44,CA,1650767877
59,Mahébourg,-20.4081,57.7,75.49,69,40,14.97,MU,1650767877
60,Sobolevo,54.4299,31.8996,46.2,95,100,12.57,RU,1650767878
61,Samarai,-10.6167,150.6667,85.1,69,15,12.3,PG,1650767878
62,Hermanus,-34.4187,19.2345,56.28,67,18,2.8,ZA,1650767879
63,Cockburn Town,21.4612,-71.1419,77.23,74,100,19.42,TC,1650767879
64,Provideniya,64.3833,-173.3,33.62,63,95,2.37,RU,1650767880
65,Bayshore Gardens,27.4253,-82.5904,75.99,57,0,14.97,US,1650767880
66,Selfoss,63.9331,-20.9971,43.92,93,88,3.11,IS,1650767880
67,Luanda,-8.8368,13.2343,75.42,90,100,5.14,AO,1650767881
68,Avarua,-21.2078,-159.775,82.45,78,73,10.36,CK,1650767881
69,Vredendal,-31.6683,18.5012,50.9,83,0,8.34,ZA,1650767882
70,Isangel,-19.55,169.2667,81.77,66,27,13.06,VU,1650767883
71,Kahului,20.8947,-156.47,82.42,71,40,20.71,US,1650767883
72,Khatanga,71.9667,102.5,10.18,91,96,5.86,RU,1650767883
73,Hobart,-42.8794,147.3294,65.26,57,20,4.61,AU,1650767884
74,Esim,4.8699,-2.2405,79.57,88,100,5.39,GH,1650767885
75,Hilo,19.7297,-155.09,81.28,83,75,11.5,US,1650767825
76,Nuuk,64.1835,-51.7216,32.61,93,75,20.71,GL,1650767885
77,Maple Creek,49.9168,-109.4848,44.65,65,100,4.61,CA,1650767886
78,Oskarshamn,57.2645,16.4484,42.98,84,54,17.76,SE,1650767886
79,Ancud,-41.8697,-73.8203,53.22,88,100,27.58,CL,1650767886
80,Nakhon Phanom,17.3333,104.4167,87.48,40,6,5.08,TH,1650767887
81,Hongjiang,27.11,109.9956,83.79,63,100,5.19,CN,1650767887
82,Kingsport,36.5484,-82.5618,74.32,46,0,3.44,US,1650767888
83,Caucayá,-0.1934,-74.7819,73.85,94,27,0.2,CO,1650767888
84,Falam,22.9167,93.6833,83.1,22,1,3.58,MM,1650767889
85,Marevo,57.3146,32.0804,45.91,88,100,10.51,RU,1650767889
86,Eyemouth,55.8713,-2.0901,43.83,81,46,14.43,GB,1650767890
87,Zhangjiakou,40.81,114.8794,72.82,14,13,6.73,CN,1650767890
88,Hasaki,35.7333,140.8333,66.6,90,100,18.12,JP,1650767891
89,Pisco,-13.7,-76.2167,64.45,88,0,3.44,PE,1650767891
90,Stettler,52.3168,-112.7186,47.95,66,30,6.91,CA,1650767596
91,Longyearbyen,78.2186,15.6401,17.44,62,20,16.11,SJ,1650767892
92,Burnie,-41.0667,145.9167,66.94,55,11,4.45,AU,1650767892
93,Del Rio,29.3627,-100.8968,89.71,41,0,12.66,US,1650767893
94,Yangi Marg`ilon,40.4272,71.7189,66.92,52,100,4.61,UZ,1650767893
95,Ararat,39.8317,44.7049,53.94,39,1,1.48,AM,1650767894
96,Moa,20.6569,-74.9403,76.78,78,100,14.12,CU,1650767894
97,Fairbanks,64.8378,-147.7164,53.94,36,75,5.75,US,1650767713
98,Ostrovnoy,68.0531,39.5131,31.77,92,91,16.55,RU,1650767895
99,Owando,-0.4819,15.8999,70.34,98,100,3.18,CG,1650767895
100,Morondava,-20.2833,44.2833,75.43,89,100,8.32,MG,1650767896
101,Kimbe,-5.5502,150.1429,86.76,67,83,5.7,PG,1650767896
102,Kisangani,0.5167,25.2,69.58,100,67,1.39,CD,1650767897
103,Oistins,13.0667,-59.5333,77.09,73,20,14.97,BB,1650767897
104,Lourdes,43.1,-0.05,49.48,87,100,16.11,FR,1650767898
105,Naze,28.3667,129.4833,72.52,89,100,15.28,JP,1650767898
106,Santa Lucía,27.9117,-15.5407,54.77,67,75,6.91,ES,1650767899
107,Lebu,-37.6167,-73.65,55.08,86,69,15.32,CL,1650767899
108,Tommot,58.9564,126.2925,35.65,54,92,4.12,RU,1650767900
109,Nanortalik,60.1432,-45.2371,34.93,99,100,6.71,GL,1650767900
110,Tabou,4.423,-7.3528,79.83,85,100,3.85,CI,1650767901
111,Celestún,20.8667,-90.4,78.73,77,2,16.31,MX,1650767901
112,Tigre,-34.426,-58.5796,63.27,77,0,9.22,AR,1650767902
113,Los Llanos de Aridane,28.6585,-17.9182,56.95,80,40,9.22,ES,1650767902
114,Kuril'sk,45.2333,147.8833,41.23,62,2,4.97,RU,1650767902
115,New Norfolk,-42.7826,147.0587,64.92,45,22,1.68,AU,1650767903
116,Alofi,-19.0595,-169.9187,84.09,70,28,3.44,NU,1650767903
117,Wanning,18.8003,110.3967,85.57,72,16,14.45,CN,1650767904
118,Acapulco de Juárez,16.8634,-99.8901,80.42,78,40,9.22,MX,1650767878
119,Mahon,39.8885,4.2658,57.76,77,0,13.8,ES,1650767904
120,Jojoima,7.8792,-10.7878,73.76,97,100,2.64,SL,1650767905
121,East London,-33.0153,27.9116,62.1,89,81,8.59,ZA,1650767840
122,Tuktoyaktuk,69.4541,-133.0374,28.4,74,0,4.61,CA,1650767905
123,Hithadhoo,-0.6,73.0833,84.56,72,100,4.72,MV,1650767906
124,Diego de Almagro,-26.3667,-70.05,58.73,56,0,0.94,CL,1650767906
125,Akdepe,42.0551,59.3788,57.29,54,19,10.96,TM,1650767907
126,Berlevåg,70.8578,29.0864,39.0,96,100,17.2,NO,1650767907
127,Dikson,73.5069,80.5464,3.22,95,99,13.44,RU,1650767908
128,Castro,-24.7911,-50.0119,62.67,90,100,1.74,BR,1650767908
129,Barra de Tecoanapa,16.5167,-98.75,81.03,72,0,8.28,MX,1650767908
130,Mahanoro,-19.9,48.8,74.89,90,100,9.53,MG,1650767909
131,Sitka,57.0531,-135.33,49.89,53,100,11.5,US,1650767909
132,Husavik,66.0449,-17.3389,43.05,77,85,4.56,IS,1650767910
133,Sioux Lookout,50.1001,-91.917,37.47,93,100,8.05,CA,1650767910
134,Nikolskoye,59.7035,30.7861,38.71,83,100,9.08,RU,1650767911
135,Indore,22.7179,75.8333,87.98,18,8,4.61,IN,1650767911
136,Truckee,39.328,-120.1833,52.12,39,0,3.44,US,1650767817
137,Sorong,-0.8833,131.25,86.68,64,83,3.18,ID,1650767912
138,Clyde River,70.4692,-68.5914,-5.57,77,100,5.75,CA,1650767913
139,Manzanillo,20.3433,-77.1167,74.66,79,100,13.02,CU,1650767913
140,George Town,5.4112,100.3354,85.98,79,20,5.99,MY,1650767687
141,Mehamn,71.0357,27.8492,38.64,96,100,19.24,NO,1650767914
142,Torbay,47.6666,-52.7314,34.29,93,100,18.41,CA,1650767914
143,Châtellerault,46.8,0.5333,52.56,60,100,1.57,FR,1650767915
144,Dakar,14.6937,-17.4441,74.28,74,0,20.33,SN,1650767915
145,Norman Wells,65.282,-126.8329,46.44,46,20,14.97,CA,1650767916
146,Rio Grande,-32.035,-52.0986,57.87,65,0,7.23,BR,1650767898
147,Asilah,35.465,-6.0348,57.16,83,100,7.16,MA,1650767916
148,Yakeshi,49.2833,120.7333,41.83,54,100,12.84,CN,1650767917
149,Brazzaville,-4.2658,15.2832,73.76,94,20,2.3,CG,1650767917
150,Bella Vista,36.4295,-94.2316,75.27,59,100,17.27,US,1650767918
151,Narsaq,60.9167,-46.05,39.42,98,100,3.76,GL,1650767918
152,Port Elizabeth,-33.918,25.5701,61.09,92,20,16.11,ZA,1650767919
153,Krasnolesnyy,51.8807,39.5877,42.8,80,100,6.26,RU,1650767919
154,Ponta do Sol,32.6667,-17.1,60.71,64,49,2.48,PT,1650767920
155,Padang,-0.9492,100.3543,82.45,65,82,2.57,ID,1650767920
156,Rawson,-43.3002,-65.1023,56.39,41,0,19.6,AR,1650767920
157,Port Hawkesbury,45.6169,-61.3485,31.78,73,100,16.11,CA,1650767921
158,Tres Arroyos,-38.3739,-60.2798,57.38,58,17,8.7,AR,1650767921
159,Bredasdorp,-34.5322,20.0403,53.47,72,66,5.28,ZA,1650767922
160,Katangli,51.7102,143.2326,28.47,92,100,20.56,RU,1650767922
161,Ayagoz,47.9714,80.4392,32.45,43,99,22.97,KZ,1650767923
162,Shenjiamen,29.9576,122.298,61.88,93,98,4.92,CN,1650767923
163,Broome,42.2506,-75.833,54.64,66,75,4.61,US,1650767924
164,Carutapera,-1.195,-46.02,73.17,96,98,4.14,BR,1650767924
165,Lompoc,34.6391,-120.4579,66.78,75,0,28.01,US,1650767708
166,Plouzané,48.3833,-4.6167,51.98,87,96,10.36,FR,1650767925
167,Daru,-9.0763,143.2092,80.38,83,100,4.94,PG,1650767925
168,Bambous Virieux,-20.3428,57.7575,75.45,69,40,14.97,MU,1650767925
169,Port Hedland,-20.3167,118.5667,91.45,17,0,12.66,AU,1650767926
170,Floresta,-8.6011,-38.5686,73.33,78,98,8.77,BR,1650767926
171,Ilulissat,69.2167,-51.1,26.62,93,100,0.0,GL,1650767927
172,Gillette,44.2911,-105.5022,31.05,96,100,28.01,US,1650767927
173,Hamilton,39.1834,-84.5333,72.45,61,0,5.75,US,1650767713
174,Sinegor'ye,62.0788,150.477,20.48,84,100,5.44,RU,1650767928
175,San Cristobal,7.7669,-72.225,69.98,97,100,2.73,VE,1650767928
176,Maceió,-9.6658,-35.7353,78.24,88,75,3.44,BR,1650767929
177,Formiga,-20.4644,-45.4264,63.41,72,91,3.69,BR,1650767929
178,Richards Bay,-28.783,32.0377,67.6,96,4,2.64,ZA,1650767930
179,Saryg-Sep,51.5,95.6,39.27,39,100,6.71,RU,1650767930
180,Lodwar,3.1191,35.5973,83.32,54,99,9.62,KE,1650767931
181,Cheney,47.4874,-117.5758,55.74,45,20,8.05,US,1650767913
182,Ndélé,8.4109,20.6473,73.98,77,100,4.54,CF,1650767931
183,Pandan,14.0453,124.1694,84.87,71,59,7.45,PH,1650767932
184,Cap Malheureux,-19.9842,57.6142,75.47,69,99,8.99,MU,1650767932
185,Cururupu,-1.8283,-44.8683,72.79,99,100,1.86,BR,1650767933
186,Raton,36.9034,-104.4391,48.54,29,0,16.11,US,1650767933
187,Kirakira,-10.4544,161.9205,85.68,65,57,4.68,SB,1650767934
188,Kumul,42.8,93.45,73.76,16,6,10.09,CN,1650767934
189,Bethel,41.3712,-73.414,54.52,71,100,1.01,US,1650767934
190,Dukat,62.55,155.55,18.93,83,100,6.06,RU,1650767935
191,Vila Velha,-20.3297,-40.2925,80.55,85,0,11.5,BR,1650767935
192,Thompson,55.7435,-97.8558,39.36,52,40,17.27,CA,1650767919
193,Abnūb,27.2696,31.1511,62.82,34,7,5.39,EG,1650767936
194,Conceição da Barra,-18.5933,-39.7322,77.9,89,10,8.68,BR,1650767936
195,Severo-Kuril'sk,50.6789,156.125,35.67,99,100,3.71,RU,1650767937
196,Douentza,14.9951,-2.9517,80.33,13,6,7.31,ML,1650767938
197,Mar del Plata,-38.0023,-57.5575,61.88,74,0,13.8,AR,1650767778
198,Bāfq,31.6128,55.4107,73.74,24,3,1.41,IR,1650767938
199,Tyumentsevo,53.3224,81.498,27.14,58,4,11.83,RU,1650767939
200,Udachny,66.4167,112.4,17.47,70,99,4.05,RU,1650767939
201,Bathsheba,13.2167,-59.5167,77.61,73,20,14.97,BB,1650767940
202,Pergine Valsugana,46.065,11.238,48.61,93,100,34.52,IT,1650767673
203,Nova Soure,-11.2333,-38.4833,70.74,97,1,4.38,BR,1650767940
204,Namtsy,62.7161,129.6658,31.53,78,56,4.25,RU,1650767941
205,Salinas,36.6777,-121.6555,63.21,62,0,8.05,US,1650767724
206,Yerbogachën,61.2767,108.0108,31.41,60,100,3.69,RU,1650767942
207,Ketchikan,55.3422,-131.6461,45.07,81,100,19.57,US,1650767942
208,Petropavlovsk-Kamchatskiy,53.0452,158.6483,41.59,65,75,4.47,RU,1650767942
209,Kavieng,-2.5744,150.7967,84.99,66,57,10.54,PG,1650767943
210,Lahaina,20.8783,-156.6825,82.4,91,39,9.82,US,1650768220
211,Byron Bay,-28.65,153.6167,71.49,70,26,14.7,AU,1650767944
212,Khuzdar,27.7384,66.6434,77.54,23,91,6.15,PK,1650767944
213,Mount Gambier,-37.8333,140.7667,66.11,55,0,11.5,AU,1650767945
214,Oodweyne,9.4092,45.064,71.01,70,10,4.0,SO,1650767945
215,Rensvik,63.1,7.8167,44.87,57,34,6.91,NO,1650767946
216,Cascais,38.6979,-9.4215,54.52,75,11,5.99,PT,1650767946
217,Upington,-28.4478,21.2561,57.58,100,20,6.91,ZA,1650767946
218,Vanino,49.0869,140.2543,37.78,84,100,3.11,RU,1650767947
219,Antalaha,-14.9003,50.2788,74.55,92,98,5.55,MG,1650767947
220,Senador José Porfírio,-2.5908,-51.9542,73.2,97,99,1.83,BR,1650767948
221,Pervomayskaya,43.4033,45.5261,42.6,100,0,0.0,RU,1650767948
222,Rondonópolis,-16.4708,-54.6356,72.82,84,50,2.15,BR,1650767650
223,Caravelas,-17.7125,-39.2481,76.41,95,11,5.44,BR,1650767949
224,Tiksi,71.6872,128.8694,9.68,89,100,4.07,RU,1650767949
225,Biak,-0.9131,122.8766,83.57,71,32,1.36,ID,1650767950
226,Ligayan,4.6533,119.4706,83.26,72,23,1.41,PH,1650767950
227,Dossor,47.5272,52.9811,53.53,66,0,4.81,KZ,1650767951
228,Saint Paul Harbor,57.79,-152.4072,42.31,87,100,20.71,US,1650767951
229,Tona,41.8464,2.2251,49.08,86,100,3.0,ES,1650767951
230,Lagoa,39.05,-27.9833,57.43,68,5,24.05,PT,1650767952
231,Malé,4.1748,73.5089,84.15,79,20,4.61,MV,1650767952
232,Sabang,5.8933,95.3214,84.34,74,100,9.69,ID,1650767953
233,Polyarny,69.1989,33.4478,35.62,97,100,16.58,RU,1650767953
234,Rimbey,52.6334,-114.2353,46.62,70,100,5.86,CA,1650767922
235,Chokurdakh,70.6333,147.9167,4.96,89,78,2.84,RU,1650767954
236,Fergus Falls,46.283,-96.0776,51.17,71,0,11.5,US,1650767954
237,Ust'-Omchug,61.15,149.6333,24.13,71,100,6.55,RU,1650767955
238,Chekhov,55.1431,37.4711,46.35,82,100,6.15,RU,1650767955
239,Guerrero Negro,27.9769,-114.0611,59.38,78,0,17.31,MX,1650767956
240,Sars,56.5502,57.1366,40.95,85,58,6.08,RU,1650767956
241,Nome,64.5011,-165.4064,44.67,57,100,6.91,US,1650767957
242,Maumere,-8.6199,122.2111,85.96,64,36,2.28,ID,1650767957
243,San Fernando del Valle de Catamarca,-28.4696,-65.7852,69.78,61,2,1.99,AR,1650767950
244,Bone,51.9669,12.1396,45.28,74,4,10.16,DE,1650767958
245,Osterburg,52.7833,11.7667,45.12,69,80,9.78,DE,1650767958
246,Labuhan,-6.8844,112.2051,84.4,74,100,3.2,ID,1650767959
247,Ozernovskiy,51.5,156.5167,34.45,100,100,3.91,RU,1650767959
248,San Juan,-31.5375,-68.5364,65.66,43,85,2.21,AR,1650767960
249,Porto Nacional,-10.7081,-48.4172,77.0,89,93,1.72,BR,1650767960
250,Half Moon Bay,37.4636,-122.4286,64.31,74,0,24.16,US,1650767924
251,Buchanan,5.8808,-10.0467,79.59,86,96,2.95,LR,1650767961
252,Shatalovo,54.334,32.4465,46.81,93,100,13.67,RU,1650767961
253,Ixtapa,20.7,-105.2,74.43,83,20,9.22,MX,1650767781
254,Pevek,69.7008,170.3133,17.78,89,99,1.95,RU,1650767962
255,Fort Nelson,58.8053,-122.7002,51.39,35,75,16.11,CA,1650767919
256,Katsuura,35.1333,140.3,66.22,91,100,4.92,JP,1650767963
257,Port Hueneme,34.1478,-119.1951,71.28,69,0,17.27,US,1650767753
258,Palmer,42.1584,-72.3287,56.57,38,100,4.61,US,1650767901
259,Faanui,-16.4833,-151.75,79.38,77,83,6.62,PF,1650767964
260,Aquidauana,-20.4711,-55.7872,75.56,71,5,3.65,BR,1650767964
261,Mossamedes,-15.1961,12.1522,68.95,84,33,6.38,AO,1650767964
262,Kapiri Mposhi,-13.9652,28.6809,59.7,93,47,4.5,ZM,1650767965
263,Deputatsky,69.3,139.9,12.79,86,100,3.71,RU,1650767965
264,Bintulu,3.1667,113.0333,84.61,83,20,5.01,MY,1650767966
265,Kuusamo,65.9667,29.1833,32.04,86,100,3.44,FI,1650767966
266,Kaitangata,-46.2817,169.8464,51.57,76,88,12.93,NZ,1650767967
267,Porto-Novo,6.4965,2.6036,82.22,86,100,5.35,BJ,1650767967
268,Neryungri,56.6709,124.6491,28.54,71,66,6.91,RU,1650767967
269,Port-Gentil,-0.7193,8.7815,80.55,82,100,7.67,GA,1650767968
270,Sosnovo-Ozerskoye,52.5249,111.5418,30.72,48,100,14.27,RU,1650767968
271,Urengoy,65.9667,78.3667,6.22,92,92,7.74,RU,1650767969
272,Sampit,-2.5333,112.95,91.49,55,99,1.88,ID,1650767969
273,Laguna,38.421,-121.4238,75.49,18,0,10.36,US,1650767970
274,Buraidah,26.326,43.975,66.65,52,100,10.27,SA,1650767970
275,Saint-Louis,16.3333,-15.0,82.27,22,0,14.61,SN,1650767971
276,Oranjemund,-28.55,16.4333,53.91,78,42,13.24,NA,1650767971
277,Kikwit,-5.041,18.8162,70.3,98,100,2.46,CD,1650767971
278,Ola,59.5833,151.2833,31.55,60,100,4.32,RU,1650767972
279,Natal,-5.795,-35.2094,74.05,100,0,4.61,BR,1650767836
280,Makakilo City,21.3469,-158.0858,80.92,63,75,16.11,US,1650767972
281,Saint George,37.1041,-113.5841,64.63,18,20,12.66,US,1650767973
282,Yatou,37.15,122.3833,64.35,72,93,11.72,CN,1650767973
283,Zauralskiy,54.7875,61.2365,39.92,45,47,7.23,RU,1650767974
284,Carnarvon,-24.8667,113.6333,80.67,54,0,4.61,AU,1650767974
285,Khasan,42.4308,130.6434,62.55,42,52,6.98,RU,1650767975
286,Nānākuli,21.3906,-158.1547,82.35,61,75,11.5,US,1650767975
287,Trairi,-3.2778,-39.2689,72.72,97,100,4.88,BR,1650767976
288,Port Hardy,50.6996,-127.4199,50.18,66,100,13.8,CA,1650767976
289,Aktash,50.3,87.7333,23.23,53,39,9.24,RU,1650767976
290,Ribeira Grande,38.5167,-28.7,58.44,69,44,19.8,PT,1650767977
291,Airai,-8.9266,125.4092,75.22,43,18,3.38,TL,1650767977
292,Langfang,39.5097,116.6947,77.85,25,100,13.2,CN,1650767952
293,Severnoye,56.3491,78.3619,28.81,64,77,8.99,RU,1650767978
294,Mitú,1.1983,-70.1733,77.41,82,100,1.86,CO,1650767978
295,Werda,-25.2667,23.2833,62.2,61,9,8.84,BW,1650767979
296,Bogandé,12.9714,-0.1436,85.21,12,15,8.41,BF,1650767979
297,Baoro,5.6667,15.9667,65.91,96,89,3.38,CF,1650767980
298,Innisfail,-17.5333,146.0333,76.3,91,99,11.39,AU,1650767980
299,Hay River,60.8156,-115.7999,31.98,80,0,5.75,CA,1650767981
300,Talladega,33.4359,-86.1058,69.49,82,100,0.0,US,1650767981
301,Batticaloa,7.7102,81.6924,82.38,76,65,6.69,LK,1650767981
302,Jalingo,8.8833,11.3667,80.73,68,100,3.89,NG,1650767982
303,Zambezi,-13.5432,23.1047,66.67,78,100,3.96,ZM,1650767982
304,Alice Springs,-23.7,133.8833,71.15,32,100,11.5,AU,1650767983
305,Redcliffe,-27.2307,153.0973,76.42,70,75,9.22,AU,1650767983
306,Follonica,42.9263,10.7616,60.51,78,1,13.69,IT,1650767984
307,Tagāb,34.855,69.6492,69.94,32,33,2.21,AF,1650767984
308,Ingham,42.6,-84.3833,74.43,59,0,11.5,US,1650767984
309,Ullal,12.8,74.85,83.35,83,40,3.44,IN,1650767985
310,Constitución,-35.3333,-72.4167,57.15,90,100,5.32,CL,1650767985
311,Vao,-22.6667,167.4833,74.8,70,90,22.39,NC,1650767986
312,Igrim,63.1906,64.4162,27.05,94,100,3.0,RU,1650767986
313,San Patricio,28.017,-97.5169,76.86,74,97,16.17,US,1650767986
314,Noumea,-22.2763,166.4572,77.0,99,99,16.98,NC,1650767987
315,Pangody,65.85,74.4859,4.46,92,67,3.29,RU,1650767987
316,Mirante do Paranapanema,-22.2919,-51.9064,68.31,85,2,4.36,BR,1650767988
317,Boyolangu,-8.1181,111.8935,84.7,70,100,4.59,ID,1650767988
318,Arkhara,49.4212,130.0842,46.54,40,10,21.09,RU,1650767989
319,Sakakah,29.9697,40.2064,63.97,69,0,10.78,SA,1650767989
320,Lerwick,60.1545,-1.1494,44.6,75,95,14.34,GB,1650767990
321,Tobane,-21.95,27.9,64.29,77,32,5.23,BW,1650767990
322,Merauke,-8.4667,140.3333,85.37,68,70,5.84,ID,1650767991
323,Gōtsuchō,35.0,132.2167,70.18,63,67,4.59,JP,1650767991
324,Xining,36.6167,101.7667,48.15,70,99,5.08,CN,1650767992
325,Yulara,-25.2406,130.9889,75.04,35,2,14.97,AU,1650767992
326,Tamiahua,21.2667,-97.45,75.6,93,0,8.81,MX,1650767993
327,Warangal,18.0,79.5833,89.01,41,99,6.96,IN,1650767965
328,Kodinsk,58.6881,99.1844,26.15,81,100,7.83,RU,1650767993
329,Manaure,11.7751,-72.4445,80.37,74,97,15.43,CO,1650767994
330,Lüderitz,-26.6481,15.1594,53.82,76,5,23.82,NA,1650767994
331,Meulaboh,4.1363,96.1285,85.03,72,78,4.43,ID,1650767995
332,Nushki,29.5542,66.0215,80.76,15,1,7.16,PK,1650767995
333,Marabu,4.4148,114.0089,86.14,84,40,8.05,MY,1650767995
334,Jiuquan,39.7432,98.5174,68.13,13,9,4.9,CN,1650767996
335,Karratha,-20.7377,116.8463,89.47,31,5,14.72,AU,1650767997
336,Ulladulla,-35.35,150.4667,69.76,71,44,8.88,AU,1650767997
337,Lakes Entrance,-37.8811,147.981,65.16,67,0,4.14,AU,1650767998
338,Lewiston,44.1003,-70.2148,46.15,45,42,5.23,US,1650767752
339,Hambantota,6.1241,81.1185,80.94,94,40,4.61,LK,1650767998
340,Ringebu,61.5167,10.1667,35.87,84,45,1.32,NO,1650767999
341,Florø,61.5996,5.0328,46.36,81,18,8.05,NO,1650767999
342,Skibbereen,51.55,-9.2667,53.11,85,57,10.98,IE,1650768000
343,Hays,30.0502,-98.0336,74.82,71,33,8.01,US,1650768000
344,Qaqortoq,60.7167,-46.0333,35.89,99,100,4.07,GL,1650768001
345,Abu Dhabi,24.4667,54.3667,77.97,91,0,1.14,AE,1650768002
346,Sinnamary,5.3833,-52.95,76.71,90,100,6.2,GF,1650768002
347,Toora-Khem,52.4675,96.11,26.89,69,100,6.96,RU,1650768003
348,Lugovoy,42.9472,72.7644,64.2,63,99,6.51,KZ,1650768003
349,Portland,45.5234,-122.6762,66.13,47,75,4.61,US,1650767921
350,Banes,20.9625,-75.7186,74.64,79,100,11.12,CU,1650768004
351,Tavricheskoye,54.5851,73.6395,29.91,44,0,4.88,RU,1650768004
352,Adrar,20.5022,-10.0711,68.7,32,0,9.53,MR,1650768005
353,Lensk,60.7253,114.9278,34.23,75,100,4.65,RU,1650768005
354,Saldanha,-33.0117,17.9442,48.25,73,2,9.73,ZA,1650768006
355,Vardø,70.3705,31.1107,37.62,97,100,11.45,NO,1650768006
356,Samaná,19.2056,-69.3369,72.72,81,99,7.94,DO,1650768007
357,Miles City,46.4083,-105.8406,34.77,100,100,33.38,US,1650768007
358,Paamiut,61.994,-49.6678,31.5,93,100,2.33,GL,1650768007
359,Eureka,40.8021,-124.1637,53.92,84,4,3.0,US,1650767858
360,Karagaylinskiy,54.172,86.5521,32.34,63,99,8.28,RU,1650768008
361,Havre-St-Pierre,50.2334,-63.5986,34.16,60,0,13.8,CA,1650768009
362,Matara,5.9485,80.5353,82.31,78,45,5.66,LK,1650768009
363,Manta,-0.95,-80.7333,78.58,83,75,5.75,EC,1650767840
364,Golfito,8.639,-83.166,74.21,94,17,0.69,CR,1650768010
365,Alexandria,31.2156,29.9553,60.76,88,0,4.61,EG,1650768010
366,Bonavista,48.6499,-53.1147,32.58,92,100,19.24,CA,1650768010
367,Pingzhuang,42.0372,119.2889,65.03,17,97,4.27,CN,1650768011
368,Xai-Xai,-25.0519,33.6442,67.26,94,6,4.88,MZ,1650767975
369,Cherskiy,68.75,161.3,22.19,77,100,3.33,RU,1650767924
370,Tautira,-17.7333,-149.15,78.53,80,97,10.22,PF,1650768012
371,Launceston,-41.45,147.1667,66.61,58,8,4.61,AU,1650768012
372,Sechura,-5.5569,-80.8222,68.86,82,58,13.49,PE,1650768013
373,Ashti,19.3833,76.2333,94.55,22,96,9.57,IN,1650768013
374,Camacha,33.0833,-16.3333,54.82,72,40,3.44,PT,1650768014
375,Arlit,18.7369,7.3853,82.45,6,69,7.67,NE,1650768014
376,Sola,-13.8833,167.55,82.33,68,65,3.56,VU,1650768015
377,Jardim,-21.4803,-56.1381,72.86,79,14,3.89,BR,1650768015
378,Melfort,52.8667,-104.6177,39.33,65,100,14.41,CA,1650768016
379,Praia,14.9215,-23.5087,75.74,43,0,20.71,CV,1650768016
380,Venice,27.0998,-82.4543,75.99,61,0,12.66,US,1650767809
381,Omsukchan,62.5333,155.8,19.92,84,100,6.24,RU,1650768017
382,Najrān,17.4924,44.1277,68.65,27,1,1.32,SA,1650768017
383,Dingle,10.9995,122.6711,88.65,60,80,11.05,PH,1650768017
384,Suntar,62.1444,117.6319,34.61,59,100,4.12,RU,1650768018
385,Khuzhir,53.1939,107.3397,31.15,50,7,6.15,RU,1650768019
386,Talnakh,69.4865,88.3972,1.2,94,56,3.53,RU,1650768019
387,Festus,38.2206,-90.396,75.76,63,77,14.18,US,1650768020
388,San Andrés,12.5847,-81.7006,80.62,83,40,9.22,CO,1650768020
389,College,64.8569,-147.8028,53.92,38,75,5.75,US,1650768020
390,Kuching,1.55,110.3333,82.62,83,20,3.44,MY,1650768021
391,Almaznyy,48.0448,40.045,48.63,78,99,11.18,RU,1650768021
392,Banjar,-8.19,114.9675,87.89,64,68,3.11,ID,1650768022
393,Pochutla,15.7432,-96.4661,79.83,70,2,4.45,MX,1650768022
394,Umm Kaddadah,13.6017,26.6876,77.4,10,5,11.21,SD,1650768023
395,La Ronge,55.1001,-105.2842,46.65,36,20,1.14,CA,1650768023
396,Kichmengskiy Gorodok,59.9816,45.7854,37.2,87,60,3.8,RU,1650768024
397,Huarmey,-10.0681,-78.1522,68.16,86,69,8.23,PE,1650768024
398,Dhidhdhoo,6.8833,73.1,83.86,72,87,7.11,MV,1650768024
399,Mareeba,-17.0,145.4333,80.44,77,67,10.89,AU,1650768025
400,Payakumbuh,-0.2202,100.6308,78.55,88,93,1.59,ID,1650768025
401,Flin Flon,54.7682,-101.865,34.34,88,100,7.92,CA,1650768026
402,Acarí,-15.4311,-74.6158,70.14,78,5,1.88,PE,1650768026
403,Gravdal,68.1214,13.5031,40.91,83,97,8.59,NO,1650768027
404,Belyy Yar,53.6039,91.3903,30.85,52,0,4.47,RU,1650768027
405,Omboué,-1.5746,9.2618,77.32,90,100,3.22,GA,1650768028
406,Dongsheng,39.8161,109.9776,67.98,14,100,22.59,CN,1650768028
407,‘Āhuimanu,21.4447,-157.8378,82.11,74,75,18.41,US,1650768028
408,Umluj,25.0213,37.2685,74.7,79,0,2.37,SA,1650768029
409,Virginia Beach,36.8529,-75.978,67.01,71,0,5.75,US,1650767868
410,Aasiaat,68.7098,-52.8699,22.78,94,100,4.25,GL,1650768030
411,São Gabriel da Cachoeira,-0.1303,-67.0892,73.6,95,14,1.79,BR,1650768030
412,Yei,4.095,30.6779,67.5,84,35,2.26,SS,1650768031
413,Geraldton,-28.7667,114.6,79.21,34,7,16.11,AU,1650768031
414,Río Esteban,15.8333,-86.3,75.0,89,16,3.76,HN,1650768031
415,Kruisfontein,-34.0033,24.7314,57.88,91,46,9.82,ZA,1650768032
416,Bellavista,-7.0561,-76.5911,71.85,99,100,0.96,PE,1650768032
417,Punta de Bombón,-17.1717,-71.7931,67.44,82,52,6.11,PE,1650768033
418,Soure,-0.7167,-48.5233,75.97,88,100,4.79,BR,1650768033
419,Kholodnyy,62.7167,147.95,23.81,69,100,5.79,RU,1650768034
420,San Felipe,10.3399,-68.7425,71.71,95,100,4.23,VE,1650768034
421,Nazas,25.2333,-104.1333,82.18,13,38,5.32,MX,1650768035
422,Lubango,-14.9172,13.4925,56.16,59,37,1.63,AO,1650768035
423,Chipinge,-20.1883,32.6236,58.48,95,6,2.08,ZW,1650768035
424,Balkanabat,39.5108,54.3671,64.76,54,3,3.13,TM,1650768036
425,Punta Cardon,11.6581,-70.215,79.11,78,98,19.95,VE,1650768036
426,Wasilla,61.5814,-149.4394,53.58,45,100,16.11,US,1650768037
427,Vanimo,-2.6741,141.3028,84.79,70,44,7.7,PG,1650768037
428,Kavaratti,10.5669,72.642,84.51,69,96,2.3,IN,1650768038
429,Masingbi,8.7833,-11.95,73.8,90,100,1.01,SL,1650768038
430,Boa Vista,2.8197,-60.6733,82.38,69,0,8.05,BR,1650768039
431,Diffa,13.3154,12.6113,86.5,16,84,7.0,NE,1650768039
432,Dapaong,10.8639,0.205,87.22,39,57,6.71,TG,1650768040
433,Baruun-Urt,46.6806,113.2792,53.89,23,50,13.98,MN,1650768040
434,Honningsvåg,70.9821,25.9704,38.95,87,75,17.27,NO,1650768040
435,Lethem,3.3803,-59.7968,78.12,79,99,8.14,GY,1650768041
436,Kyren,51.6828,102.1408,36.86,49,100,4.36,RU,1650768041
437,Sehithwa,-20.4667,22.7167,66.34,58,45,4.63,BW,1650768042
438,Myrtle Beach,33.6891,-78.8867,68.04,87,0,6.91,US,1650767764
439,Norsup,-16.0667,167.3833,81.64,78,100,7.02,VU,1650768042
440,Klaksvík,62.2266,-6.589,43.72,83,98,20.69,FO,1650768043
441,Bogotol,56.2078,89.5342,27.1,56,100,7.4,RU,1650768043
442,Ciudad Bolivar,8.1222,-63.5497,82.2,56,92,15.88,VE,1650768044
443,Walvis Bay,-22.9575,14.5053,55.09,87,0,4.61,NA,1650768044
444,Aswān,24.0934,32.907,76.3,9,0,5.75,EG,1650768045
445,Jaguaruna,-28.615,-49.0256,61.2,81,1,2.98,BR,1650768045
446,Laas,46.6166,10.7002,43.68,98,99,5.64,IT,1650768045
447,Motygino,58.1831,94.7592,24.06,84,100,10.13,RU,1650768046
448,Elmira,42.0898,-76.8077,55.72,54,0,0.0,US,1650767564
449,Sarkand,45.41,79.9186,47.7,92,100,2.55,KZ,1650768046
450,Minot,48.2325,-101.2963,34.02,86,100,39.12,US,1650768001
451,Margate,51.3813,1.3862,53.31,81,100,5.99,GB,1650768047
452,Río Gallegos,-51.6226,-69.2181,42.85,100,100,2.3,AR,1650767943
453,Mnogovershinnyy,53.9353,139.9242,25.66,86,100,9.95,RU,1650768048
454,Jacareacanga,-6.2222,-57.7528,72.95,99,97,2.46,BR,1650767946
455,Praia,14.9215,-23.5087,75.74,43,0,20.71,CV,1650768049
456,Moranbah,-22.0016,148.0466,72.55,72,100,24.25,AU,1650768049
457,Sørland,67.667,12.6934,41.43,84,100,10.67,NO,1650768050
458,Birjand,32.8663,59.2211,55.87,54,20,4.61,IR,1650768050
459,Shipunovo,52.1582,82.2173,29.25,55,65,12.39,RU,1650768051
460,Marsh Harbour,26.5412,-77.0636,74.61,67,45,18.37,BS,1650768051
461,Kaeo,-35.1,173.7833,69.33,68,33,11.34,NZ,1650768051
462,Stephenville,32.2207,-98.2023,78.24,62,0,11.5,US,1650767841
463,Iqaluit,63.7506,-68.5145,6.53,78,20,2.3,CA,1650768052
464,Nipawin,53.3668,-104.0009,41.04,65,0,12.66,CA,1650767789
465,Svetlaya,46.5389,138.3297,49.78,68,60,18.19,RU,1650768053
466,Bousso,10.4795,16.7117,83.61,51,84,6.11,TD,1650768053
467,Yumen,40.2833,97.2,68.61,14,60,6.87,CN,1650767913
468,Bamiantong,44.9333,130.5333,56.43,34,8,18.97,CN,1650768054
469,Pauini,-7.7136,-66.9764,74.64,90,69,2.48,BR,1650768054
470,Pangnirtung,66.1451,-65.7125,4.77,74,15,7.83,CA,1650768055
471,Saint-Augustin,51.226,-58.6502,32.88,98,100,15.32,CA,1650768055
472,Bilibino,68.0546,166.4372,20.39,75,97,1.99,RU,1650768056
473,Longkou,37.6508,120.3286,66.74,66,99,9.44,CN,1650768056
474,Belmonte,-15.8631,-38.8828,77.72,88,9,5.57,BR,1650768056
475,Nouakchott,18.0858,-15.9785,71.53,43,0,11.18,MR,1650768057
476,Huilong,31.8111,121.655,66.76,84,39,12.17,CN,1650768057
477,Ajdabiya,30.7554,20.2263,60.39,66,0,10.8,LY,1650768058
478,Zaysan,47.4667,84.8667,41.05,84,100,10.89,KZ,1650768058
479,Japura,-0.3167,102.35,82.04,87,96,0.65,ID,1650768059
480,Ust-Tsilma,65.441,52.1498,31.62,96,100,0.18,RU,1650768059
481,Nelson Bay,-32.7167,152.15,69.1,85,3,10.58,AU,1650768059
482,Bismarck,46.8083,-100.7837,33.87,93,75,28.77,US,1650767968
483,Tsiroanomandidy,-18.7667,46.0333,64.81,93,99,4.38,MG,1650768060
484,Sungai Penuh,-2.0833,101.3833,73.33,80,96,0.47,ID,1650768060
485,Herat Province,34.5,62.0,62.4,59,93,10.89,AF,1650768061
486,Ati,13.2154,18.3353,84.72,17,99,6.89,TD,1650768061
487,Ibrā’,22.6906,58.5334,78.08,48,4,1.41,OM,1650768062
488,Flinders,-34.5833,150.8552,71.19,73,27,4.0,AU,1650767790
489,Graaff-Reinet,-32.2522,24.5308,53.92,97,0,2.48,ZA,1650768062
490,Pierre,44.3683,-100.351,36.86,84,100,27.63,US,1650767864
491,El Vigia,8.6219,-71.6506,77.11,83,93,1.36,VE,1650768063
492,Kaabong,3.4836,34.1492,64.65,85,85,11.5,UG,1650768064
493,Tadine,-21.55,167.8833,75.76,78,64,17.43,NC,1650768064
494,Thinadhoo,0.5333,72.9333,84.99,69,100,4.88,MV,1650768064
495,Jalu,29.0331,21.5482,63.52,57,0,9.44,LY,1650768065
496,Ulaanbaatar,47.9077,106.8832,44.73,26,0,6.71,MN,1650767904
497,Owase,34.0667,136.2,62.22,98,100,6.33,JP,1650768066
498,Jevnaker,60.2414,10.385,42.93,77,89,3.04,NO,1650768025
499,Mhlume,-26.0333,31.85,67.84,97,9,3.36,SZ,1650768066
500,Sept-Îles,50.2001,-66.3821,34.32,59,0,10.36,CA,1650768031
501,Hauterive,46.0901,3.4459,45.36,94,100,7.25,FR,1650768067
502,Ubari,26.5921,12.7805,66.83,17,0,8.48,LY,1650768068
503,Hachinohe,40.5,141.5,65.19,32,100,9.31,JP,1650768068
504,Pundaguitan,6.3711,126.1689,82.04,79,94,8.95,PH,1650768068
505,Energetik,51.7445,58.7934,42.26,51,89,11.36,RU,1650768069
506,Zima,53.9202,102.0442,33.94,43,100,6.85,RU,1650768069
507,Visnes,59.3556,5.2242,46.81,61,0,10.36,NO,1650768070
508,Kez,57.8979,53.7152,38.19,85,100,2.21,RU,1650768070
509,Kalāleh,37.3807,55.4916,55.0,94,100,0.0,IR,1650768071
510,Zarand,30.8127,56.564,66.88,24,5,4.52,IR,1650768071
511,Derzhavīnsk,51.1,66.3167,37.09,47,100,20.49,KZ,1650768072
512,Makurdi,7.7411,8.5121,79.29,82,100,4.79,NG,1650768072
513,Ryōtsu-minato,38.0833,138.4333,63.59,56,100,4.36,JP,1650768072
514,La Palma,33.8464,-118.0467,73.9,52,0,12.66,US,1650768073
515,Boulder City,35.9786,-114.8325,70.12,11,0,6.91,US,1650767785
516,Khandyga,62.6667,135.6,32.7,70,71,2.37,RU,1650768073
517,Thaba-Tseka,-29.522,28.6084,44.96,88,9,4.5,LS,1650768074
518,Panabá,21.2833,-88.2667,76.23,75,2,10.27,MX,1650768074
519,San Isidro,-12.1167,-77.05,69.01,76,40,10.36,PE,1650768075
520,Boyabat,41.4689,34.7667,58.19,64,13,4.18,TR,1650768075
521,Uspenka,48.3903,39.1619,51.6,75,99,9.6,UA,1650768076
522,Nhulunbuy,-12.2333,136.7667,88.41,66,75,8.05,AU,1650768076
523,Hervey Bay,-25.2986,152.8535,74.52,61,69,23.6,AU,1650768077
524,Codrington,-38.2667,141.9667,64.94,53,4,10.89,AU,1650768077
525,Moche,-8.1711,-79.0092,60.98,100,100,9.22,PE,1650768077
526,Zhanakorgan,43.9098,67.2495,64.2,64,36,3.78,KZ,1650768078
527,Ţahţā,26.7693,31.5021,68.4,26,0,6.17,EG,1650768078
528,Moindou,-21.6924,165.677,77.07,75,67,17.78,NC,1650768079
529,Sūsangerd,31.5608,48.1831,77.59,13,92,8.99,IR,1650768079
530,Touros,-5.1989,-35.4608,76.05,91,100,7.81,BR,1650767899
531,Aklavik,68.2191,-135.0107,31.53,94,89,7.76,CA,1650768080
